Workbook

Sheet Tareas
A1: N° | B1: Participante | C1: Registros buscados | D1: Categoría | E1: Herramienta | F1: Códigos declarados | G1: Tipo de finalización | H1: Confianza (1-5) | I1: SEQ (1-7) | J1: Hora envío | K1: Hora inicio (video) | L1: Hora fin (video) | M1: Formulario (fuente)
A2: 1 | B2: Anyi | C2: Kimy | D2: Cuida tu espalda | E2: Excel | F2: RSSST-0007, RSSST-0016, RSSST-0017, RSSST-0022, RSSST-0028 | G2: Se acabó el tiempo (10 minutos) | H2: 1 | I2: 2 | J2: 46224.92 | K2: 0.20347222 | L2: 0.21041667 | M2: A-T1 · Cuida tu espalda
A3: 2 | B3: Anyi | C3: Kimy | D3: Operadores conscientes | E3: Excel | F3: RSSST-0004, RSSST-0010, RSSST-0021, RSSST-0031, RSSST-0035 | G3: Se acabó el tiempo (10 minutos) | H3: 2 | I3: 2 | J3: 46224.931 | K3: 0.21388889 | L3: 0.22083333 | M3: A-T2 · Operadores conscientes
A4: 3 | B4: Anyi | C4: Kimy | D4: Manos protegidas | E4: Aplicativo web | F4: RSSST-0048, RSSST-0040, RSSST-0015, RSSST-0047, RSSST-0018, RSSST-0013 | G4: Creo que ya encontré todos los relacionados | H4: 5 | I4: 7 | J4: 46224.94 | K4: 0.225 | L4: 0.23055556 | M4: A-T3 · Manos protegidas
A5: 4 | B5: Anyi | C5: Kimy | D5: Mantén el equilibrio | E5: Aplicativo web | F5: RSSST-0012, RSSST-0029, RSSST-0026, RSSST-0009 | G5: Creo que ya encontré todos los relacionados | H5: 5 | I5: 7 | J5: 46224.948 | K5: 0.23333333 | L5: 0.23888889 | M5: A-T4 · Mantén el equilibrio
A6: 5 | B6: Kimy | C6: Anyi | D6: Cuidado con la corriente | E6: Aplicativo web | F6: RE-24-10-02, RE-24-08-01, RE-24-02-01, DP-24-02-02, RE-25-01-02, DP-25-09-01 | G6: Se acabó el tiempo (10 minutos) | H6: 3 | I6: 7 | J6: 46224.92 | K6: 0.20347222 | L6: 0.21041667 | M6: K-T1 · Cuidado con la corriente
A7: 6 | B7: Kimy | C7: Anyi | D7: Seguridad en la vía | E7: Aplicativo web | F7: SV-25-06-02, SV-24-07-02, SV-25-08-02, SV-24-09-01, SV-25-04-02, SV-25-11-03, SV-25-02-01, SV-24-06-02, DP-25-03-02, DP-24-06-01, AM-25-11-01, AM-25-11-01, DP-25-08-01 | G7: Creo que ya encontré todos los relacionados | H7: 5 | I7: 7 | J7: 46224.93 | K7: 0.21388889 | L7: 0.22013889 | M7: K-T2 · Seguridad en la vía
A8: 7 | B8: Kimy | C8: Anyi | D8: Maquinaria en buen estado | E8: Excel | F8: DP-24-01-01, DP-24-12-02 | G8: Se acabó el tiempo (10 minutos) | H8: 2 | I8: 1 | J8: 46224.941 | K8: 0.225 | L8: 0.23194444 | M8: K-T3 · Maquinaria en buen estado
A9: 8 | B9: Kimy | C9: Anyi | D9: Liberación Imprevista de Energía y Caída de Objetos Pesados | E9: Excel | F9: DP-24-01-01, DP-24-02-02, RE-24-02-01, AM-24-03-02, AM-24-04-02, AM-24-05-01, AM-24-05-02 | G9: Se acabó el tiempo (10 minutos) | H9: 3 | I9: 4 | J9: 46224.949 | K9: 0.23333333 | L9: 0.24027778 | M9: K-T4 · Liberación Imprevista de Energía y Caída de Objetos Pesados

Sheet Encuestas
A1: Encuesta de satisfacción — valores Likert 1-5 (1=Totalmente en desacuerdo, 5=Totalmente de acuerdo). Ítems agrupados en 3 dimensiones. Datos finales.
A3: Afirmación | B3: Dimensión | C3: Anyi – Excel | D3: Anyi – Aplicativo | E3: Kimy – Excel | F3: Kimy – Aplicativo
A4: La herramienta fue fácil de usar. | B4: Facilidad / Usabilidad | C4: 2 | D4: 5 | E4: 2 | F4: 4
A5: Me sentí segura usando la herramienta. | C5: 3 | D5: 5 | E5: 2 | F5: 4
A6: Las funciones están organizadas de forma clara. | C6: 3 | D6: 5 | E6: 3 | F6: 4
A7: La herramienta me resultó útil para encontrar las lecciones aprendidas que buscaba. | B7: Utilidad y adopción | C7: 2 | D7: 5 | E7: 1 | F7: 5
A8: Usaría esta herramienta en mi trabajo para consultar lecciones aprendidas. | C8: 2 | D8: 5 | E8: 1 | F8: 5
A9: Pude llegar a la información que necesitaba sin obstáculos. | B9: Eficiencia y acceso | C9: 4 | D9: 5 | E9: 2 | F9: 5
A10: Los resultados se presentaron de forma que pude identificar fácilmente lo relevante. | C10: 4 | D10: 5 | E10: 2 | F10: 5
A11: Encontré rápidamente los registros que buscaba. | C11: 1 | D11: 5 | E11: 1 | F11: 5
A12: El esfuerzo mental para formular las búsquedas fue bajo. | C12: 4 | D12: 5 | E12: 1 | F12: 5
A14: Fuente: columnas “Excel” del formulario “Encuesta – Excel”; columnas “Aplicativo” del formulario “Encuesta – Aplicativo web”.

Sheet Revelacion
A1: Revelación de resultados — respondido tras mostrar a cada participante su desempeño (encontrados / correctos / debían). Datos finales.
A3: Participante | B3: Sorpresa (1-5) | C3: ¿Qué es lo que más le sorprende y por qué? | D3: Herramienta que usaría | E3: ¿Por qué eligió esa herramienta?
A4: Anyi | B4: 4 | C4: Lo que más me sorprende es la rapidez con la que se puede encontrar información relevante. Antes, la búsqueda de una lección aprendida podía tomar más tiempo al revisar cada hoja de excel, mientras que con el aplicativo web la información está organizada y disponible de forma inmediata | D4: Aplicativo web | E4: Elegí el aplicativo web porque es una herramienta que facilita la búsqueda y consulta de las lecciones aprendidas, permitiendo acceder a la información de forma rápida y organizada.
A5: Kimy | B5: 4 | C5: las busquedas realizadas vs las correctas, porque hay un margen grande de error en lo encontrado | D5: Aplicativo web | E5: Es màs fácil, disminuye la busqueda y te permite ver mejor lo que buscas y lo que encuentras, la informaciòn esta consolidada y el tiempo de busqueda se reduce bastante
A7: Fuente: formulario “Revelación de resultados”.

Sheet Metricas por tarea
A1: Métricas por tarea. Exhaustividad=correctos/relevantes · Precisión=correctos/declarados · F1=media armónica. La interpretación de cada error está en la hoja "Análisis de errores" (no se prejuzga sobreconfianza). Tiempo y Rendimiento se completan desde el video (amarillo).
A3: N° | B3: Participante | C3: Herramienta | D3: Categoría | E3: Relevantes (GT) | F3: Declarados | G3: Correctos (VP) | H3: Exhaustividad | I3: Precisión | J3: F1 | K3: Confianza (1-5) | L3: Brecha (conf/5 − exhaustividad) | M3: Ver "Análisis de errores" | N3: Tiempo (min) | O3: Rendimiento (VP/min)
A4: 1 | B4: Anyi | C4: Excel | D4: Cuida tu espalda | E4: 9 | F4: 5 | G4: 5 | H4: =IFERROR($G4/$E4,"") -> 0.55555556 | I4: =IFERROR($G4/$F4,"") -> 1 | J4: =IFERROR(2*$I4*$H4/($I4+$H4),"") -> 0.71428571 | K4: 1 | L4: =IFERROR($K4/5-$H4,"") -> -0.35555556 | M4: — | N4: 10 | O4: =IFERROR($G4/$N4,"") -> 0.5
A5: 2 | B5: Anyi | C5: Excel | D5: Operadores conscientes | E5: 7 | F5: 5 | G5: 4 | H5: =IFERROR($G5/$E5,"") -> 0.57142857 | I5: =IFERROR($G5/$F5,"") -> 0.8 | J5: =IFERROR(2*$I5*$H5/($I5+$H5),"") -> 0.66666667 | K5: 2 | L5: =IFERROR($K5/5-$H5,"") -> -0.17142857 | M5: — | N5: 10 | O5: =IFERROR($G5/$N5,"") -> 0.4
A6: 3 | B6: Anyi | C6: Aplicativo web | D6: Manos protegidas | E6: 10 | F6: 6 | G6: 6 | H6: =IFERROR($G6/$E6,"") -> 0.6 | I6: =IFERROR($G6/$F6,"") -> 1 | J6: =IFERROR(2*$I6*$H6/($I6+$H6),"") -> 0.75 | K6: 5 | L6: =IFERROR($K6/5-$H6,"") -> 0.4 | M6: — | N6: 8 | O6: =IFERROR($G6/$N6,"") -> 0.75
A7: 4 | B7: Anyi | C7: Aplicativo web | D7: Mantén el equilibrio | E7: 8 | F7: 4 | G7: 4 | H7: =IFERROR($G7/$E7,"") -> 0.5 | I7: =IFERROR($G7/$F7,"") -> 1 | J7: =IFERROR(2*$I7*$H7/($I7+$H7),"") -> 0.66666667 | K7: 5 | L7: =IFERROR($K7/5-$H7,"") -> 0.5 | M7: — | N7: 8 | O7: =IFERROR($G7/$N7,"") -> 0.5
A8: 5 | B8: Kimy | C8: Aplicativo web | D8: Cuidado con la corriente | E8: 6 | F8: 6 | G8: 6 | H8: =IFERROR($G8/$E8,"") -> 1 | I8: =IFERROR($G8/$F8,"") -> 1 | J8: =IFERROR(2*$I8*$H8/($I8+$H8),"") -> 1 | K8: 3 | L8: =IFERROR($K8/5-$H8,"") -> -0.4 | M8: — | N8: 10 | O8: =IFERROR($G8/$N8,"") -> 0.6
A9: 6 | B9: Kimy | C9: Aplicativo web | D9: Seguridad en la vía | E9: 8 | F9: 13 | G9: 7 | H9: =IFERROR($G9/$E9,"") -> 0.875 | I9: =IFERROR($G9/$F9,"") -> 0.53846154 | J9: =IFERROR(2*$I9*$H9/($I9+$H9),"") -> 0.66666667 | K9: 5 | L9: =IFERROR($K9/5-$H9,"") -> 0.125 | M9: — | N9: 9 | O9: =IFERROR($G9/$N9,"") -> 0.77777778
A10: 7 | B10: Kimy | C10: Excel | D10: Maquinaria en buen estado | E10: 3 | F10: 2 | G10: 1 | H10: =IFERROR($G10/$E10,"") -> 0.33333333 | I10: =IFERROR($G10/$F10,"") -> 0.5 | J10: =IFERROR(2*$I10*$H10/($I10+$H10),"") -> 0.4 | K10: 2 | L10: =IFERROR($K10/5-$H10,"") -> 0.066666667 | M10: — | N10: 10 | O10: =IFERROR($G10/$N10,"") -> 0.1
A11: 8 | B11: Kimy | C11: Excel | D11: Liberación Imprevista de Energía y Caída de Objetos Pesados | E11: 9 | F11: 7 | G11: 3 | H11: =IFERROR($G11/$E11,"") -> 0.33333333 | I11: =IFERROR($G11/$F11,"") -> 0.42857143 | J11: =IFERROR(2*$I11*$H11/($I11+$H11),"") -> 0.375 | K11: 3 | L11: =IFERROR($K11/5-$H11,"") -> 0.26666667 | M11: — | N11: 10 | O11: =IFERROR($G11/$N11,"") -> 0.3

Sheet Analisis de errores
A1: ANÁLISIS DE ERRORES POR CONTENIDO
A2: Cada registro declarado-de-más u omitido se contrasta con el contenido real del registro (fuente: Registros_*.json) y con la descripción de la categoría del folleto. El objetivo es distinguir el TIPO de error, no asumir sobreconfianza.
A4: Patrones identificados
A5: 1. Misclasificación en categoría vecina
A6: El registro SÍ fue recuperado, pero se archivó en una categoría distinta a la real. No es un fallo de búsqueda sino de clasificación. Ej.: montacargas/manlift (Maquinaria) archivados en Vía; corte con cuchilla de molino (Manos) archivado en Operadores.
A7: 2. Trampa de la palabra "energía"
A8: Registros ELÉCTRICOS (Corriente) se declararon también en "Liberación Imprevista de Energía" por la coincidencia literal con "energía", aunque esa categoría se refiere a cargas/objetos físicos, no a energía eléctrica.
A9: 3. Distractor "Sin categoría" con vocabulario compartido
A10: El evento no encaja en ninguna categoría objetivo, pero comparte palabras (vehículo, parqueadero, vía, conducción) que lo acercaron a la búsqueda. Ej.: abrir la puerta y golpear a un peatón con el vehículo detenido.
A11: 4. Duplicado de captura
A12: El mismo código declarado dos veces en la misma tarea (AM-25-11-01). Artefacto de registro, no de criterio.
A13: 5. Omisión
... A18: A. Falsos positivos (declarados de más) — justificación por contenido
A19: Tarea (categoría declarada) | B19: Herram. | C19: Código | D19: Categoría real (GT) | E19: Tipo de error | F19: Justificación según el contenido del registro
A20: Operadores conscientes | B20: Aplicativo | C20: RSSST-0004 | D20: Manos protegidas | E20: Misclasificación (vecina) | F20: La lesión es un corte en la falange por contacto con la cuchilla del molino → "Manos protegidas" (elementos con filo). Se archivó en "Operadores" porque ocurre operando una máquina, pero esa categoría es sobre equipos para mover mercancía, no molinos.
A21: Seguridad en la vía | B21: Aplicativo | C21: SV-24-09-01 | D21: Sin categoría | E21: Distractor (vocabulario) | F21: El vehículo está estacionado y detenido; al abrir la puerta se golpea a un peatón. No hay desplazamiento, choque, colisión ni maniobra de estacionar. Comparte "vehículo/parqueadero/conductor" (por eso apareció), pero es un golpe a persona → Sin categoría.
A22: Seguridad en la vía | B22: Aplicativo | C22: DP-25-03-02 | D22: Maquinaria en buen estado | E22: Misclasificación (vecina) | F22: Un montacargas calcula mal el giro y golpea una estantería: falla en la operación de un equipo → "Maquinaria". Se archivó en "Vía" por el vocabulario de maniobra/pasillo, pero no es un desplazamiento vial.
A23: Seguridad en la vía | B23: Aplicativo | C23: DP-24-06-01 | D23: Sin categoría | E23: Distractor (vocabulario) | F23: Una piedra de rocería fractura una ventana (daño a propiedad). La "lección aprendida" del propio registro habla de conducción vial —inconsistencia interna del registro—, lo que probablemente lo acercó a la búsqueda; pero el evento no involucra vehículo ni tránsito → Sin categoría.
A24: Seguridad en la vía | B24: Aplicativo | C24: AM-25-11-01 | D24: Sin categoría | E24: Distractor + duplicado | F24: Golpe de rodilla contra el marco de una puerta instalando un router. Sin vehículo ni desplazamiento. Además fue declarado dos veces (duplicado de captura) → Sin categoría.
A25: Seguridad en la vía | B25: Aplicativo | C25: DP-25-08-01 | D25: Maquinaria en buen estado | E25: Misclasificación (vecina) | F25: Encunetamiento de una plataforma elevadora (manlift) al cambiar la ruta: pérdida de control de un equipo de trabajo → "Maquinaria" ("encunetamiento" está literal en la descripción de esa categoría). Se archivó en "Vía" por "ruta de acceso".
A26: Maquinaria en buen estado | B26: Excel | C26: DP-24-01-01 | D26: Liberación Imprevista de Energía… | E26: Misclasificación (vecina) | F26: Se desprende el soporte metálico que sostiene la manguera del carrotanque y cae: objeto que se soltó de su sujeción → "Liberación… y caída de objetos". Se archivó en "Maquinaria" por el contexto de equipo/carrotanque, pero no es falla de operación de un equipo.
A27: Liberación Imprevista de Energía… | B27: Excel | C27: DP-24-02-02 | D27: Cuidado con la corriente | E27: Doble declaración ("energía") | F27: Afectación al banco de ductos que causa pérdida de energía eléctrica, apagado del control y disparo de válvulas: energía ELÉCTRICA → "Corriente" (donde ya lo declaró bien). Lo repitió en "Liberación" por la palabra "energía", pero esa categoría es sobre cargas físicas, no energía eléctrica.
A28: Liberación Imprevista de Energía… | B28: Excel | C28: RE-24-02-01 | D28: Cuidado con la corriente | E28: Doble declaración ("energía") | F28: Arco eléctrico al abrir un gabinete con humedad: energía eléctrica → "Corriente" (ya declarado bien). Repetido en "Liberación" por asociación con "energía"; no hay liberación de carga física.
A29: Liberación Imprevista de Energía… | B29: Excel | C29: AM-24-03-02 | D29: Sin categoría | E29: Distractor (vocabulario) | F29: El trabajador rueda manualmente una brida y ésta cae sobre su pie al encontrar un resalto. No se soltó de una sujeción ni cedió imprevistamente: es manipulación/carga manual → Sin categoría (más cercano a espalda/manos, categorías ausentes en este conjunto de registros).
A30: Liberación Imprevista de Energía… | B30: Excel | C30: AM-24-05-02 | D30: Sin categoría | E30: Distractor (vocabulario) | F30: Una válvula gira al retirar el último perno y golpea los dedos. Lesión en dedos por giro de una pieza, no caída de carga pesada ni objeto desprendido de altura → Sin categoría.
A32: B. Omisiones (relevantes no declarados) — claridad de encaje y lectura
A33: Tarea (categoría) | B33: Herram. | C33: Código | D33: Descripción (resumen) | E33: Claridad de encaje | F33: Nota
A34: Cuida tu espalda | B34: Excel | C34: RSSST-0020 | D34: Ingresó bajo una góndola para acomodar un bulto (postura forzada). | E34: Alta | F34: Excel: no se alcanzó a revisar todos los registros en los 10 minutos.
A35: Cuida tu espalda | B35: Excel | C35: RSSST-0034 | D35: Cajas de carne apiladas se deslizan estando de espaldas a la estiba. | E35: Alta | F35: Excel: no se alcanzó a revisar todos los registros en los 10 minutos.
A36: Cuida tu espalda | B36: Excel | C36: RSSST-0043 | D36: Surtido de bolsas de ~18 kg inclinándose repetidamente. | E36: Alta | F36: Excel: no se alcanzó a revisar todos los registros en los 10 minutos.
A37: Cuida tu espalda | B37: Excel | C37: RSSST-0049 | D37: Traslado de caja de resmas ~23 kg que se resbala al sostenerla. | E37: Alta | F37: Excel: no se alcanzó a revisar todos los registros en los 10 minutos.
A38: Operadores conscientes | B38: Excel | C38: RSSST-0002 | D38: Montacargas: la estiba no queda anclada y caen productos sobre la cabina. | E38: Alta | F38: Excel: no se alcanzó a revisar todos los registros en los 10 minutos.
A39: Operadores conscientes | B39: Excel | C39: RSSST-0019 | D39: Estiba de jabones mientras otro colaborador moviliza otra estiba. | E39: Alta | F39: Excel: no se alcanzó a revisar todos los registros en los 10 minutos.
A40: Operadores conscientes | B40: Excel | C40: RSSST-0046 | D40: Traslado con traspaleta eléctrica; otro equipo interviene. | E40: Alta | F40: Excel: no se alcanzó a revisar todos los registros en los 10 minutos.
A41: Manos protegidas | B41: Aplicativo | C41: RSSST-0004 | D41: Corte en el dedo con la cuchilla del molino. (Se declaró, pero en "Operadores"). | E41: Alta | F41: Encontrado y misclasificado, no omitido real (ver falsos positivos).
A42: Manos protegidas | B42: Aplicativo | C42: RSSST-0033 | D42: Corte en la mano al manipular un bulto de arroz plástico. | E42: Alta | F42: Aplicativo: probablemente el registro se mostró y no se seleccionó o no se leyó completo.
A43: Manos protegidas | B43: Aplicativo | C43: RSSST-0037 | D43: Corte con bisturí al abrir cajas de durazno. | E43: Alta | F43: Aplicativo: probablemente el registro se mostró y no se seleccionó o no se leyó completo.
A44: Manos protegidas | B44: Aplicativo | C44: RSSST-0038 | D44: Lesión en mano al retirar un six pack de botellas. | E44: Media | F44: Aplicativo: encaje algo menos evidente por el fraseo.
... A57: Liberación Imprevista de Energía… | B57: Excel | C57: DP-25-11-02 | D57: Fallan los pines de seguridad y un tubo del rack rueda al piso. | E57: Alta | F57: Excel: no se alcanzó a revisar todos los registros en los 10 minutos.
A59: Fuente de contenido: Registros Anyi.json y Registros_Kimy.json (04 - Registros de Participantes). Categoría real: ground truth (hoja GT). Descripciones de categoría: folletos de campaña.

Sheet Resumen por herramienta
A1: RESUMEN POR HERRAMIENTA — Excel vs. Aplicativo
A2: Estadística básica sobre los 3 indicadores comprometidos en la tesis (Tabla 1): tiempo promedio de búsqueda, precisión de resultados y satisfacción del usuario. Todas las celdas son fórmulas que leen de las hojas "Metricas por tarea" y "Encuestas": si cambian esos datos, este resumen se actualiza solo. Muestra n=2; resultados exploratorios, no generalizables (Sampieri et al., 2014).
A4: 1. Tiempo promedio de búsqueda por herramienta
A5: Media y desviación estándar (muestral) del tiempo por tarea, en minutos. Fuente: columna "Tiempo (min)" de Metricas por tarea.
A6: Herramienta | B6: n (tareas) | C6: Media (min) | D6: Desv. est. (min) | E6: Mediana (min) | F6: Mín–Máx (min)
A7: Excel | B7: =COUNTIF('Metricas por tarea'!$C$4:$C$11,"Excel") -> 4 | C7: =AVERAGEIF('Metricas por tarea'!$C$4:$C$11,"Excel",'Metricas por tarea'!$N$4:$N$11) -> 10 | D7: =STDEV('Metricas por tarea'!N4,'Metricas por tarea'!N5,'Metricas por tarea'!N10,'Metricas por tarea'!N11) -> 0 | E7: =MEDIAN('Metricas por tarea'!N4,'Metricas por tarea'!N5,'Metricas por tarea'!N10,'Metricas por tarea'!N11) -> 10 | F7: =MIN('Metricas por tarea'!N4,'Metricas por tarea'!N5,'Metricas por tarea'!N10,'Metricas por tarea'!N11)&" – "&MAX('Metricas por tarea'!N4,'Metricas por tarea'!N5,'Metricas por tarea'!N10,'Metricas por tarea'!N11) -> 10 – 10
A8: Aplicativo | B8: =COUNTIF('Metricas por tarea'!$C$4:$C$11,"Aplicativo web") -> 4 | C8: =AVERAGEIF('Metricas por tarea'!$C$4:$C$11,"Aplicativo web",'Metricas por tarea'!$N$4:$N$11) -> 8.75 | D8: =STDEV('Metricas por tarea'!N6,'Metricas por tarea'!N7,'Metricas por tarea'!N8,'Metricas por tarea'!N9) -> 0.95742711 | E8: =MEDIAN('Metricas por tarea'!N6,'Metricas por tarea'!N7,'Metricas por tarea'!N8,'Metricas por tarea'!N9) -> 8.5 | F8: =MIN('Metricas por tarea'!N6,'Metricas por tarea'!N7,'Metricas por tarea'!N8,'Metricas por tarea'!N9)&" – "&MAX('Metricas por tarea'!N6,'Metricas por tarea'!N7,'Metricas por tarea'!N8,'Metricas por tarea'!N9) -> 8 – 10
A9: Todas las tareas en Excel agotaron los 10 minutos (nunca se sintieron completas); en el aplicativo 3 de 4 terminaron antes por decisión de la participante ("creo que ya encontré todos").
A11: 2. Precisión de los resultados por herramienta
A12: Precisión = registros relevantes (VP) / total declarados. Agregada = suma de VP sobre suma de declarados; Promedio por tarea = media de las precisiones de cada tarea. Fuente: columnas Correctos (VP), Declarados y Precisión de Metricas por tarea.
A13: Herramienta | B13: n (tareas) | C13: VP totales | D13: Declarados totales | E13: Precisión agregada | F13: Precisión promedio por tarea
A14: Excel | B14: =COUNTIF('Metricas por tarea'!$C$4:$C$11,"Excel") -> 4 | C14: =SUMIF('Metricas por tarea'!$C$4:$C$11,"Excel",'Metricas por tarea'!$G$4:$G$11) -> 13 | D14: =SUMIF('Metricas por tarea'!$C$4:$C$11,"Excel",'Metricas por tarea'!$F$4:$F$11) -> 19 | E14: =SUMIF('Metricas por tarea'!$C$4:$C$11,"Excel",'Metricas por tarea'!$G$4:$G$11)/SUMIF('Metricas por tarea'!$C$4:$C$11,"Excel",'Metricas por tarea'!$F$4:$F$11) -> 0.68421053 | F14: =AVERAGEIF('Metricas por tarea'!$C$4:$C$11,"Excel",'Metricas por tarea'!$I$4:$I$11) -> 0.68214286
A15: Aplicativo | B15: =COUNTIF('Metricas por tarea'!$C$4:$C$11,"Aplicativo web") -> 4 | C15: =SUMIF('Metricas por tarea'!$C$4:$C$11,"Aplicativo web",'Metricas por tarea'!$G$4:$G$11) -> 23 | D15: =SUMIF('Metricas por tarea'!$C$4:$C$11,"Aplicativo web",'Metricas por tarea'!$F$4:$F$11) -> 29 | E15: =SUMIF('Metricas por tarea'!$C$4:$C$11,"Aplicativo web",'Metricas por tarea'!$G$4:$G$11)/SUMIF('Metricas por tarea'!$C$4:$C$11,"Aplicativo web",'Metricas por tarea'!$F$4:$F$11) -> 0.79310345 | F15: =AVERAGEIF('Metricas por tarea'!$C$4:$C$11,"Aplicativo web",'Metricas por tarea'!$I$4:$I$11) -> 0.88461538
A16: La precisión del aplicativo se ve afectada por la tarea "Seguridad en la vía" (7/13); el desglose y la razón de cada registro están en la hoja "Análisis de errores".
A18: 3. Nivel de satisfacción del usuario por herramienta (Likert 1-5)
A19: Frecuencias y porcentajes de las 9 afirmaciones de la encuesta, uniendo a las dos participantes por herramienta (9 ítems × 2 = 18 respuestas). Media y mediana como referencia (escala ordinal, Sampieri). Fuente: hoja Encuestas.
A20: Herramienta | B20: Medida | C20: 1 | D20: 2 | E20: 3 | F20: 4 | G20: 5 | H20: Media | I20: Mediana
A21: Excel | B21: Frecuencia (n) | C21: =COUNTIF(Encuestas!$C$4:$C$12,1)+COUNTIF(Encuestas!$E$4:$E$12,1) -> 5 | D21: =COUNTIF(Encuestas!$C$4:$C$12,2)+COUNTIF(Encuestas!$E$4:$E$12,2) -> 7 | E21: =COUNTIF(Encuestas!$C$4:$C$12,3)+COUNTIF(Encuestas!$E$4:$E$12,3) -> 3 | F21: =COUNTIF(Encuestas!$C$4:$C$12,4)+COUNTIF(Encuestas!$E$4:$E$12,4) -> 3 | G21: =COUNTIF(Encuestas!$C$4:$C$12,5)+COUNTIF(Encuestas!$E$4:$E$12,5) -> 0 | H21: =AVERAGE(Encuestas!$C$4:$C$12,Encuestas!$E$4:$E$12) -> 2.2222222 | I21: =MEDIAN(Encuestas!$C$4:$C$12,Encuestas!$E$4:$E$12) -> 2
A22: Excel | B22: Porcentaje | C22: =C21/(COUNT(Encuestas!$C$4:$C$12)+COUNT(Encuestas!$E$4:$E$12)) -> 0.27777778 | D22: =D21/(COUNT(Encuestas!$C$4:$C$12)+COUNT(Encuestas!$E$4:$E$12)) -> 0.38888889 | E22: =E21/(COUNT(Encuestas!$C$4:$C$12)+COUNT(Encuestas!$E$4:$E$12)) -> 0.16666667 | F22: =F21/(COUNT(Encuestas!$C$4:$C$12)+COUNT(Encuestas!$E$4:$E$12)) -> 0.16666667 | G22: =G21/(COUNT(Encuestas!$C$4:$C$12)+COUNT(Encuestas!$E$4:$E$12)) -> 0
A23: Aplicativo | B23: Frecuencia (n) | C23: =COUNTIF(Encuestas!$D$4:$D$12,1)+COUNTIF(Encuestas!$F$4:$F$12,1) -> 0 | D23: =COUNTIF(Encuestas!$D$4:$D$12,2)+COUNTIF(Encuestas!$F$4:$F$12,2) -> 0 | E23: =COUNTIF(Encuestas!$D$4:$D$12,3)+COUNTIF(Encuestas!$F$4:$F$12,3) -> 0 | F23: =COUNTIF(Encuestas!$D$4:$D$12,4)+COUNTIF(Encuestas!$F$4:$F$12,4) -> 3 | G23: =COUNTIF(Encuestas!$D$4:$D$12,5)+COUNTIF(Encuestas!$F$4:$F$12,5) -> 15 | H23: =AVERAGE(Encuestas!$D$4:$D$12,Encuestas!$F$4:$F$12) -> 4.8333333 | I23: =MEDIAN(Encuestas!$D$4:$D$12,Encuestas!$F$4:$F$12) -> 5
A24: Aplicativo | B24: Porcentaje | C24: =C23/(COUNT(Encuestas!$D$4:$D$12)+COUNT(Encuestas!$F$4:$F$12)) -> 0 | D24: =D23/(COUNT(Encuestas!$D$4:$D$12)+COUNT(Encuestas!$F$4:$F$12)) -> 0 | E24: =E23/(COUNT(Encuestas!$D$4:$D$12)+COUNT(Encuestas!$F$4:$F$12)) -> 0 | F24: =F23/(COUNT(Encuestas!$D$4:$D$12)+COUNT(Encuestas!$F$4:$F$12)) -> 0.16666667 | G24: =G23/(COUNT(Encuestas!$D$4:$D$12)+COUNT(Encuestas!$F$4:$F$12)) -> 0.83333333
A25: En Excel las respuestas se concentran en los niveles 1-3; en el aplicativo, en 4-5. Detalle por ítem y dimensión (Facilidad/Usabilidad, Utilidad y adopción, Eficiencia y acceso) en la hoja "Encuestas".
A27: Todas las cifras de esta hoja son fórmulas vinculadas a "Metricas por tarea" y "Encuestas". Indicadores según Tabla 1 del documento de tesis; análisis exploratorio (n=2).

Sheet Analisis Cualitativo
A1: ANÁLISIS CUALITATIVO — Análisis temático simplificado
A2: Método: análisis temático en fases (familiarización, codificación inicial, búsqueda y definición de temas) siguiendo la técnica simplificada de Sampieri et al. (2014) y Braun & Clarke (2006). Material analizado: respuestas abiertas de la sesión (formulario de Revelación) de las 2 participantes. Codificación inductiva. En el informe final las participantes se citan anonimizadas (P1/P2). Estudio exploratorio, no generalizable.
A4: A. Material analizado (respuestas textuales)
A5: Participante | B5: Pregunta | C5: Respuesta textual (verbatim)
A6: Anyi | B6: ¿Qué es lo que más te sorprende y por qué? | C6: Lo que más me sorprende es la rapidez con la que se puede encontrar información relevante. Antes, la búsqueda de una lección aprendida podía tomar más tiempo al revisar cada hoja de excel, mientras que con el aplicativo web la información está organizada y disponible de forma inmediata.
A7: Anyi | B7: ¿Por qué elegiste esa herramienta? | C7: Elegí el aplicativo web porque es una herramienta que facilita la búsqueda y consulta de las lecciones aprendidas, permitiendo acceder a la información de forma rápida y organizada.
A8: Kimy | B8: ¿Qué es lo que más te sorprende y por qué? | C8: Las búsquedas realizadas vs las correctas, porque hay un margen grande de error en lo encontrado.
A9: Kimy | B9: ¿Por qué elegiste esa herramienta? | C9: Es más fácil, disminuye la búsqueda y te permite ver mejor lo que buscas y lo que encuentras, la información está consolidada y el tiempo de búsqueda se reduce bastante.
A11: B. Matriz de codificación (segmento → código → tema)
A12: Segmento citado | C12: Código inicial | D12: Tema
A13: “la rapidez con la que se puede encontrar información relevante” | C13: Rapidez de búsqueda | D13: T1 · Eficiencia temporal
A14: “podía tomar más tiempo al revisar cada hoja de excel” | C14: Excel lento / revisión hoja por hoja | D14: T1 · Eficiencia temporal
A15: “el tiempo de búsqueda se reduce bastante” / “disminuye la búsqueda” | C15: Reducción del tiempo | D15: T1 · Eficiencia temporal
A16: “la información está organizada y disponible de forma inmediata” | C16: Información organizada / inmediata | D16: T2 · Organización y acceso
A17: “la información está consolidada” | C17: Información consolidada | D17: T2 · Organización y acceso
A18: “te permite ver mejor lo que buscas y lo que encuentras” | C18: Visibilidad de resultados | D18: T2 · Organización y acceso
A19: “permitiendo acceder a la información de forma rápida y organizada” | C19: Accesibilidad | D19: T2 · Organización y acceso
A20: “es una herramienta que facilita la búsqueda y consulta” | C20: Facilita la tarea | D20: T3 · Facilidad de uso
A21: “Es más fácil” | C21: Menor esfuerzo percibido | D21: T3 · Facilidad de uso
A22: “las búsquedas realizadas vs las correctas… hay un margen grande de error en lo encontrado” | C22: Conciencia del error / brecha | D22: T4 · Conciencia de la exhaustividad
A24: C. Síntesis de temas
A25: Tema | B25: Descripción | C25: Presencia | D25: Cita ilustrativa
A26: T1 · Eficiencia temporal | B26: El aplicativo se percibe como más rápido y como una reducción del tiempo frente a la revisión hoja por hoja del Excel. | C26: 2 de 2 | D26: “Antes… podía tomar más tiempo al revisar cada hoja de excel” (Anyi)
A27: T2 · Organización y acceso | B27: La información aparece consolidada, organizada y disponible de inmediato, lo que mejora la visibilidad de lo que se busca y se encuentra. | C27: 2 de 2 | D27: “la información está consolidada… ver mejor lo que buscas y lo que encuentras” (Kimy)
A28: T3 · Facilidad de uso | B28: Se percibe menor esfuerzo: la herramienta facilita la búsqueda y la consulta. | C28: 2 de 2 | D28: “Es más fácil” (Kimy)
A29: T4 · Conciencia de la exhaustividad | B29: Al ver los resultados reales, surge conciencia de la brecha entre lo encontrado y lo correcto (relación con la brecha de exhaustividad del análisis cuantitativo). | C29: 1 de 2 | D29: “hay un margen grande de error en lo encontrado” (Kimy)
A31: D. Dato complementario: preferencia y forma de finalizar
A32: Ambas participantes eligieron el Aplicativo web como herramienta que usarían (2 de 2). De forma coherente con el tema de eficiencia, las tareas con el aplicativo tendieron a terminar por decisión propia ("creo que ya encontré todos"), mientras que las de Excel terminaron al agotarse los 10 minutos. El único matiz crítico proviene del tema T4: la sensación de completitud con el aplicativo no siempre coincidió con la exhaustividad real (ver hoja "Análisis de errores"), lo que constituye un hallazgo a considerar, no un rechazo de la herramienta.
A34: Nota de rigor: codificación inductiva registrada en esta matriz (auditabilidad). Material reducido (2 participantes, 4 respuestas abiertas); los temas se ofrecen como tendencias exploratorias que complementan —y coinciden con— los indicadores cuantitativos. Fuente: "Resultados Formulario.xlsx", formulario de Revelación.

Sheet Informe Estadistico
A1: INFORME ESTADÍSTICO DE LA PRUEBA PILOTO
A2: Comparación del desempeño de búsqueda de lecciones aprendidas entre el método tradicional (archivos de Excel) y el prototipo de aplicativo web con inteligencia artificial. Participaron 2 profesionales HSEQ; cada una realizó 4 tareas de búsqueda (2 con cada herramienta) sobre un conjunto de 50 registros que no conocía, con un límite de 10 minutos por tarea. Por el tamaño de la muestra, los resultados son exploratorios: describen lo observado en esta prueba y no son generalizables. Cifras vinculadas por fórmula a las hojas de datos.
A4: Antes de leer los resultados: cómo se armó la comparación (28 frente a 32 registros)
A5: Cada categoría temática se buscó con una sola herramienta. Esto es intencional: si una participante buscara la misma categoría primero en Excel y luego en el aplicativo, en la segunda ronda ya sabría qué registros existen y la comparación quedaría contaminada (efecto de aprendizaje). La asignación de qué categorías iban a cada herramienta se hizo por sorteo presenciado por las participantes al inicio de la sesión.
A6: Ese sorteo produjo grupos de tamaño distinto: las categorías asignadas a Excel sumaban 28 registros relevantes por encontrar y las del aplicativo 32. La comparación sigue siendo válida porque todos los indicadores se expresan como proporciones sobre el total propio de cada herramienta — la precisión se calcula sobre lo que cada una declaró y la exhaustividad sobre lo que existía en sus propias categorías — de modo que ninguna se beneficia de haber recibido más o menos registros. Además, el diseño quedó balanceado en lo esencial: cada participante realizó 2 tareas con cada herramienta, y cada herramienta recibió categorías de ambos conjuntos.
A7: La limitación que sí debe declararse es otra: como cada categoría se evaluó en una sola herramienta, las categorías de un grupo no son idénticas en dificultad a las del otro (temas distintos, con más o menos registros parecidos entre sí). Parte de la diferencia observada podría deberse a la naturaleza de las categorías y no solo a la herramienta. Con una muestra piloto esto no se puede separar por completo; por eso los resultados se presentan como evidencia exploratoria y se acompañan del análisis caso por caso de la hoja "Analisis de errores".
A9: 1. ¿Cuánto tiempo tomó buscar?
A10: Herramienta | B10: Media (min) | C10: Desv. estándar (min) | D10: Mediana (min) | E10: Mínimo (min) | F10: Máximo (min)
A11: Excel | B11: =AVERAGEIF('Metricas por tarea'!$C$4:$C$11,"Excel",'Metricas por tarea'!$N$4:$N$11) -> 10 | C11: =STDEV('Metricas por tarea'!N4,'Metricas por tarea'!N5,'Metricas por tarea'!N10,'Metricas por tarea'!N11) -> 0 | D11: =MEDIAN('Metricas por tarea'!N4,'Metricas por tarea'!N5,'Metricas por tarea'!N10,'Metricas por tarea'!N11) -> 10 | E11: =MIN('Metricas por tarea'!N4,'Metricas por tarea'!N5,'Metricas por tarea'!N10,'Metricas por tarea'!N11) -> 10 | F11: =MAX('Metricas por tarea'!N4,'Metricas por tarea'!N5,'Metricas por tarea'!N10,'Metricas por tarea'!N11) -> 10
A12: Aplicativo web | B12: =AVERAGEIF('Metricas por tarea'!$C$4:$C$11,"Aplicativo web",'Metricas por tarea'!$N$4:$N$11) -> 8.75 | C12: =STDEV('Metricas por tarea'!N6,'Metricas por tarea'!N7,'Metricas por tarea'!N8,'Metricas por tarea'!N9) -> 0.95742711 | D12: =MEDIAN('Metricas por tarea'!N6,'Metricas por tarea'!N7,'Metricas por tarea'!N8,'Metricas por tarea'!N9) -> 8.5 | E12: =MIN('Metricas por tarea'!N6,'Metricas por tarea'!N7,'Metricas por tarea'!N8,'Metricas por tarea'!N9) -> 8 | F12: =MAX('Metricas por tarea'!N6,'Metricas por tarea'!N7,'Metricas por tarea'!N8,'Metricas por tarea'!N9) -> 10
A14: Aquí encontramos que las búsquedas en Excel usaron en promedio 10 minutos y las del aplicativo 8,75. La media es el promedio simple de los minutos usados en las 4 tareas de cada herramienta. La desviación estándar indica qué tanto varían las tareas entre sí: en Excel es 0, lo que significa que las cuatro tareas consumieron el tiempo completo — ninguna terminó antes porque la participante nunca sintió que había acabado. En el aplicativo la desviación de 0,96 refleja que 3 de las 4 tareas terminaron antes del límite por decisión propia ("creo que ya encontré todos"). Es decir, la diferencia real no es solo de minutos: es que el aplicativo permitió llegar a una sensación de tarea completa, algo que con Excel nunca ocurrió.
A15: Como se puede observar en el siguiente gráfico, la barra del aplicativo es más corta: menos tiempo invertido por tarea.
A31: 2. ¿Qué tan acertado fue lo que declararon encontrar?
A32: Herramienta | B32: Registros declarados | C32: Correctos | D32: Precisión
A33: Excel | B33: =SUMIF('Metricas por tarea'!$C$4:$C$11,"Excel",'Metricas por tarea'!$F$4:$F$11) -> 19 | C33: =SUMIF('Metricas por tarea'!$C$4:$C$11,"Excel",'Metricas por tarea'!$G$4:$G$11) -> 13 | D33: =SUMIF('Metricas por tarea'!$C$4:$C$11,"Excel",'Metricas por tarea'!$G$4:$G$11)/SUMIF('Metricas por tarea'!$C$4:$C$11,"Excel",'Metricas por tarea'!$F$4:$F$11) -> 0.68421053
A34: Aplicativo web | B34: =SUMIF('Metricas por tarea'!$C$4:$C$11,"Aplicativo web",'Metricas por tarea'!$F$4:$F$11) -> 29 | C34: =SUMIF('Metricas por tarea'!$C$4:$C$11,"Aplicativo web",'Metricas por tarea'!$G$4:$G$11) -> 23 | D34: =SUMIF('Metricas por tarea'!$C$4:$C$11,"Aplicativo web",'Metricas por tarea'!$G$4:$G$11)/SUMIF('Metricas por tarea'!$C$4:$C$11,"Aplicativo web",'Metricas por tarea'!$F$4:$F$11) -> 0.79310345
A36: La precisión responde a una pregunta sencilla: de todos los registros que la participante dijo "este sí pertenece al tema", ¿cuántos realmente pertenecían? Con Excel, de 19 registros declarados 13 eran correctos (68,4%); con el aplicativo, de 29 declarados 23 eran correctos (79,3%). En otras palabras, por cada 10 registros señalados con el aplicativo, aproximadamente 8 eran correctos, frente a cerca de 7 con Excel. Cabe anotar que la mayoría de los errores no fueron invenciones: casi todos corresponden a registros reales que se archivaron en un tema vecino muy parecido (por ejemplo, un evento eléctrico clasificado bajo "energía"), como se detalla en la hoja "Analisis de errores".
A52: 3. ¿Qué proporción de lo que existía lograron encontrar? (exhaustividad)
A53: Herramienta | B53: Registros que existían | C53: Encontrados correctos | D53: Exhaustividad
A54: Excel | B54: =SUMIF('Metricas por tarea'!$C$4:$C$11,"Excel",'Metricas por tarea'!$E$4:$E$11) -> 28 | C54: =SUMIF('Metricas por tarea'!$C$4:$C$11,"Excel",'Metricas por tarea'!$G$4:$G$11) -> 13 | D54: =SUMIF('Metricas por tarea'!$C$4:$C$11,"Excel",'Metricas por tarea'!$G$4:$G$11)/SUMIF('Metricas por tarea'!$C$4:$C$11,"Excel",'Metricas por tarea'!$E$4:$E$11) -> 0.46428571
A55: Aplicativo web | B55: =SUMIF('Metricas por tarea'!$C$4:$C$11,"Aplicativo web",'Metricas por tarea'!$E$4:$E$11) -> 32 | C55: =SUMIF('Metricas por tarea'!$C$4:$C$11,"Aplicativo web",'Metricas por tarea'!$G$4:$G$11) -> 23 | D55: =SUMIF('Metricas por tarea'!$C$4:$C$11,"Aplicativo web",'Metricas por tarea'!$G$4:$G$11)/SUMIF('Metricas por tarea'!$C$4:$C$11,"Aplicativo web",'Metricas por tarea'!$E$4:$E$11) -> 0.71875
A57: La exhaustividad mira el otro lado de la moneda: de todos los registros que realmente existían sobre cada tema, ¿cuántos se lograron encontrar dentro de los 10 minutos? Con Excel se encontró el 46,4% (13 de 28) y con el aplicativo el 71,9% (23 de 32). Dicho de forma llana: con el método tradicional se quedó sin encontrar más de la mitad de la información existente, mientras que con el aplicativo se recuperaron unas 7 de cada 10 lecciones disponibles, y en menos tiempo. Los totales de la tabla (28 y 32) difieren por el sorteo de categorías explicado al inicio; al comparar porcentajes y no conteos, esa diferencia de tamaño no favorece a ninguna herramienta.
A73: 4. ¿Cuántos aciertos por minuto? (rendimiento)
A74: Herramienta | B74: Rendimiento medio (aciertos/min)
A75: Excel | B75: =AVERAGEIF('Metricas por tarea'!$C$4:$C$11,"Excel",'Metricas por tarea'!$O$4:$O$11) -> 0.325
A76: Aplicativo web | B76: =AVERAGEIF('Metricas por tarea'!$C$4:$C$11,"Aplicativo web",'Metricas por tarea'!$O$4:$O$11) -> 0.65694444
A78: El rendimiento combina las dos cosas anteriores: cuántos registros correctos se obtienen por cada minuto de búsqueda. Excel produjo en promedio 0,33 aciertos por minuto (un registro correcto cada 3 minutos, aproximadamente) y el aplicativo 0,66 (un registro correcto cada minuto y medio). El aplicativo duplicó el ritmo de hallazgo del método tradicional.
A94: 5. ¿Qué tan satisfechas quedaron las usuarias?
A95: Herramienta | B95: Respuestas 1-2 (desacuerdo) | C95: Respuestas 3 (neutral) | D95: Respuestas 4-5 (acuerdo) | E95: Media (1-5) | F95: Mediana
A96: Excel | B96: =COUNTIF(Encuestas!$C$4:$C$12,1)+COUNTIF(Encuestas!$E$4:$E$12,1)+COUNTIF(Encuestas!$C$4:$C$12,2)+COUNTIF(Encuestas!$E$4:$E$12,2) -> 12 | C96: =COUNTIF(Encuestas!$C$4:$C$12,3)+COUNTIF(Encuestas!$E$4:$E$12,3) -> 3 | D96: =COUNTIF(Encuestas!$C$4:$C$12,4)+COUNTIF(Encuestas!$E$4:$E$12,4)+COUNTIF(Encuestas!$C$4:$C$12,5)+COUNTIF(Encuestas!$E$4:$E$12,5) -> 3 | E96: =AVERAGE(Encuestas!$C$4:$C$12,Encuestas!$E$4:$E$12) -> 2.2222222 | F96: =MEDIAN(Encuestas!$C$4:$C$12,Encuestas!$E$4:$E$12) -> 2
A97: Aplicativo web | B97: =COUNTIF(Encuestas!$D$4:$D$12,1)+COUNTIF(Encuestas!$F$4:$F$12,1)+COUNTIF(Encuestas!$D$4:$D$12,2)+COUNTIF(Encuestas!$F$4:$F$12,2) -> 0 | C97: =COUNTIF(Encuestas!$D$4:$D$12,3)+COUNTIF(Encuestas!$F$4:$F$12,3) -> 0 | D97: =COUNTIF(Encuestas!$D$4:$D$12,4)+COUNTIF(Encuestas!$F$4:$F$12,4)+COUNTIF(Encuestas!$D$4:$D$12,5)+COUNTIF(Encuestas!$F$4:$F$12,5) -> 18 | E97: =AVERAGE(Encuestas!$D$4:$D$12,Encuestas!$F$4:$F$12) -> 4.8333333 | F97: =MEDIAN(Encuestas!$D$4:$D$12,Encuestas!$F$4:$F$12) -> 5
A99: La satisfacción se midió con 9 afirmaciones sobre facilidad, utilidad y eficiencia, calificadas de 1 ("totalmente en desacuerdo") a 5 ("totalmente de acuerdo") por cada participante, es decir 18 respuestas por herramienta. Con Excel, 12 de las 18 respuestas fueron de desacuerdo y ninguna alcanzó el nivel 5; la calificación típica (mediana) fue 2. Con el aplicativo ocurrió lo contrario: las 18 respuestas fueron de acuerdo (4 o 5) y la mediana fue 5, la máxima posible. La media (2,22 frente a 4,83) resume esa distancia: la experiencia con el aplicativo fue calificada de forma consistentemente positiva por ambas usuarias.
A115: 6. Un matiz importante: la confianza no siempre coincidió con la realidad
A116: Al terminar cada tarea se preguntó qué tan segura se sentía la participante de haber encontrado todo (1 a 5). En dos tareas del aplicativo la confianza fue máxima (5) pese a que se había encontrado solo entre el 50% y el 60% de lo existente; en cambio, en una tarea el resultado fue perfecto (100%) con una confianza de apenas 3. La agilidad del aplicativo puede producir una sensación de "ya lo tengo todo" antes de tiempo. Ambas participantes se mostraron sorprendidas (4 de 5) al conocer sus resultados reales. Este hallazgo no desvirtúa la superioridad observada del aplicativo; señala una oportunidad de mejora: que la herramienta ayude también a dimensionar cuánto falta por revisar. El detalle caso por caso está en la hoja "Analisis de errores".
A118: 7. Conclusión
A119: Finalmente concluimos que, en esta prueba piloto, el aplicativo web superó al método tradicional en los tres indicadores comprometidos: requirió menos tiempo por búsqueda (8,75 frente a 10 minutos, terminando antes del límite en 3 de 4 tareas), fue más preciso (79,3% frente a 68,4% de aciertos sobre lo declarado, y 71,9% frente a 46,4% de recuperación de lo existente, duplicando el rendimiento por minuto) y generó una satisfacción claramente superior (4,83 frente a 2,22 sobre 5). Las respuestas abiertas de las participantes coinciden con estos números: ambas eligieron el aplicativo destacando su rapidez, la información consolidada y la facilidad de uso. Estos resultados, obtenidos con 2 participantes en un entorno controlado, deben leerse como evidencia exploratoria favorable al prototipo, no como una demostración estadística generalizable.
A121: Elaborado en Microsoft Excel (software de cálculo estadístico descriptivo). Todas las cifras provienen por fórmula de las hojas "Metricas por tarea" y "Encuestas"; si esos datos cambian, este informe se actualiza automáticamente.
